ID do Produto,Produto,Categorias,Segmento,Fabricante - No,Fabricante,Custo
1055,AlecrimStore RP-01,Infantil,Outono,10,AlecrimStore,"25,00"
1056,AlecrimStore RP-02,Infantil,Outono,10,AlecrimStore,"25,00"
1057,AlecrimStore RP-03,Infantil,Outono,10,AlecrimStore,"25,00"
1058,AlecrimStore RP-04,Infantil,Outono,10,AlecrimStore,"25,00"
1059,AlecrimStore RP-05,Infantil,Outono,10,AlecrimStore,"25,00"
1060,AlecrimStore RP-06,Infantil,Outono,10,AlecrimStore,"25,00"
1061,AlecrimStore RP-07,Infantil,Outono,10,AlecrimStore,"25,00"
1062,AlecrimStore RP-08,Infantil,Outono,10,AlecrimStore,"25,00"
1063,AlecrimStore RP-09,Infantil,Outono,10,AlecrimStore,"25,00"
1064,AlecrimStore RP-10,Infantil,Outono,10,AlecrimStore,"25,00"
1065,AlecrimStore RP-11,Infantil,Outono,10,AlecrimStore,"25,00"
1066,AlecrimStore RP-12,Infantil,Outono,10,AlecrimStore,"25,00"
1067,AlecrimStore RP-13,Infantil,Outono,10,AlecrimStore,"25,00"
1068,AlecrimStore RP-14,Infantil,Outono,10,AlecrimStore,"25,00"
1069,AlecrimStore RP-15,Infantil,Outono,10,AlecrimStore,"25,00"
1070,AlecrimStore RP-16,Infantil,Outono,10,AlecrimStore,"25,00"
1071,AlecrimStore RP-17,Infantil,Outono,10,AlecrimStore,"25,00"
1072,AlecrimStore RP-18,Infantil,Outono,10,AlecrimStore,"25,00"
1073,AlecrimStore RP-19,Infantil,Outono,10,AlecrimStore,"25,00"
1074,AlecrimStore RP-20,Infantil,Outono,10,AlecrimStore,"25,00"
1075,AlecrimStore RP-21,Infantil,Outono,10,AlecrimStore,"25,00"
1076,AlecrimStore RP-22,Infantil,Outono,10,AlecrimStore,"25,00"
1077,AlecrimStore RP-23,Infantil,Outono,10,AlecrimStore,"25,00"
1078,AlecrimStore RP-24,Infantil,Outono,10,AlecrimStore,"25,00"
1079,AlecrimStore RP-25,Infantil,Outono,10,AlecrimStore,"25,00"
1080,AlecrimStore RP-26,Infantil,Outono,10,AlecrimStore,"25,00"
1081,AlecrimStore RP-27,Infantil,Outono,10,AlecrimStore,"25,00"
1082,AlecrimStore RP-28,Infantil,Outono,10,AlecrimStore,"25,00"
1083,AlecrimStore RP-29,Infantil,Outono,10,AlecrimStore,"25,00"
1084,AlecrimStore RP-30,Infantil,Outono,10,AlecrimStore,"25,00"
1085,AlecrimStore RP-31,Infantil,Outono,10,AlecrimStore,"25,00"
1086,AlecrimStore RP-32,Infantil,Outono,10,AlecrimStore,"25,00"
1087,AlecrimStore RP-33,Infantil,Outono,10,AlecrimStore,"25,00"
1088,AlecrimStore RP-34,Infantil,Outono,10,AlecrimStore,"25,00"
1089,AlecrimStore RP-35,Infantil,Outono,10,AlecrimStore,"25,00"
1090,AlecrimStore RP-36,Infantil,Outono,10,AlecrimStore,"25,00"
1091,AlecrimStore RP-37,Infantil,Outono,10,AlecrimStore,"25,00"
1092,AlecrimStore RP-38,Infantil,Outono,10,AlecrimStore,"25,00"
1093,AlecrimStore RP-39,Infantil,Outono,10,AlecrimStore,"25,00"
1094,AlecrimStore RP-40,Infantil,Outono,10,AlecrimStore,"25,00"
1095,AlecrimStore RP-41,Infantil,Outono,10,AlecrimStore,"25,00"
1096,AlecrimStore RP-42,Infantil,Outono,10,AlecrimStore,"25,00"
1097,AlecrimStore RP-43,Infantil,Outono,10,AlecrimStore,"25,00"
1098,AlecrimStore RP-44,Infantil,Outono,10,AlecrimStore,"25,00"
1099,AlecrimStore RP-45,Infantil,Outono,10,AlecrimStore,"25,00"
1100,AlecrimStore RP-46,Infantil,Outono,10,AlecrimStore,"25,00"
1101,AlecrimStore RP-47,Infantil,Outono,10,AlecrimStore,"25,00"
1102,AlecrimStore RP-48,Infantil,Outono,10,AlecrimStore,"25,00"
1103,AlecrimStore RP-49,Infantil,Outono,10,AlecrimStore,"25,00"
1104,AlecrimStore RP-50,Infantil,Outono,10,AlecrimStore,"25,00"
1105,AlecrimStore RP-51,Infantil,Outono,10,AlecrimStore,"25,00"
1106,AlecrimStore RP-52,Infantil,Outono,10,AlecrimStore,"25,00"
1107,AlecrimStore RP-53,Infantil,Outono,10,AlecrimStore,"25,00"
1108,AlecrimStore RP-54,Infantil,Outono,10,AlecrimStore,"25,00"
1109,AlecrimStore RP-55,Infantil,Outono,10,AlecrimStore,"25,00"
1110,AlecrimStore RP-56,Infantil,Outono,10,AlecrimStore,"25,00"
1111,AlecrimStore RP-57,Infantil,Outono,10,AlecrimStore,"25,00"
1112,AlecrimStore RP-58,Infantil,Outono,10,AlecrimStore,"25,00"
1113,AlecrimStore RS-01,Infantil,Verao,10,AlecrimStore,"25,00"
1114,AlecrimStore RS-02,Infantil,Verao,10,AlecrimStore,"25,00"
1115,AlecrimStore RS-03,Infantil,Verao,10,AlecrimStore,"25,00"
1116,AlecrimStore RS-04,Infantil,Verao,10,AlecrimStore,"25,00"
1117,AlecrimStore RS-05,Infantil,Verao,10,AlecrimStore,"25,00"
1118,AlecrimStore RS-06,Infantil,Verao,10,AlecrimStore,"25,00"
1119,AlecrimStore RS-07,Infantil,Verao,10,AlecrimStore,"25,00"
1120,AlecrimStore RS-08,Infantil,Verao,10,AlecrimStore,"25,00"
1121,AlecrimStore RS-09,Infantil,Verao,10,AlecrimStore,"25,00"
1122,AlecrimStore RS-10,Infantil,Verao,10,AlecrimStore,"25,00"
1123,AlecrimStore RS-11,Infantil,Verao,10,AlecrimStore,"25,00"
2204,Aliqui RP-01,Infantil,Outono,2,Aliqui,"25,00"
2205,Aliqui RP-02,Infantil,Outono,2,Aliqui,"25,00"
2206,Aliqui RP-03,Infantil,Outono,2,Aliqui,"25,00"
2207,Aliqui RP-04,Infantil,Outono,2,Aliqui,"25,00"
2208,Aliqui RP-05,Infantil,Outono,2,Aliqui,"25,00"
2209,Aliqui RP-06,Infantil,Outono,2,Aliqui,"25,00"
2210,Aliqui RP-07,Infantil,Outono,2,Aliqui,"25,00"
2211,Aliqui RP-08,Infantil,Outono,2,Aliqui,"25,00"
2212,Aliqui RP-09,Infantil,Outono,2,Aliqui,"25,00"
2213,Aliqui RP-10,Infantil,Outono,2,Aliqui,"25,00"
2214,Aliqui RP-11,Infantil,Outono,2,Aliqui,"25,00"
2215,Aliqui RP-12,Infantil,Outono,2,Aliqui,"25,00"
2216,Aliqui RP-13,Infantil,Outono,2,Aliqui,"25,00"
2217,Aliqui RP-14,Infantil,Outono,2,Aliqui,"25,00"
2218,Aliqui RP-15,Infantil,Outono,2,Aliqui,"25,00"
2219,Aliqui RP-16,Infantil,Outono,2,Aliqui,"25,00"
2220,Aliqui RP-17,Infantil,Outono,2,Aliqui,"25,00"
2221,Aliqui RP-18,Infantil,Outono,2,Aliqui,"25,00"
2222,Aliqui RP-19,Infantil,Outono,2,Aliqui,"25,00"
2223,Aliqui RP-20,Infantil,Outono,2,Aliqui,"25,00"
2224,Aliqui RP-21,Infantil,Outono,2,Aliqui,"25,00"
2225,Aliqui RP-22,Infantil,Outono,2,Aliqui,"25,00"
2226,Aliqui RP-23,Infantil,Outono,2,Aliqui,"25,00"
2227,Aliqui RP-24,Infantil,Outono,2,Aliqui,"25,00"
2228,Aliqui RP-25,Infantil,Outono,2,Aliqui,"25,00"
2229,Aliqui RP-26,Infantil,Outono,2,Aliqui,"25,00"
2230,Aliqui RP-27,Infantil,Outono,2,Aliqui,"25,00"
2231,Aliqui RP-28,Infantil,Outono,2,Aliqui,"25,00"
2232,Aliqui RP-29,Infantil,Outono,2,Aliqui,"25,00"
2233,Aliqui RP-30,Infantil,Outono,2,Aliqui,"25,00"
2234,Aliqui RP-31,Infantil,Outono,2,Aliqui,"25,00"
2235,Aliqui RP-32,Infantil,Outono,2,Aliqui,"25,00"
2236,Aliqui RP-33,Infantil,Outono,2,Aliqui,"25,00"
2237,Aliqui RP-34,Infantil,Outono,2,Aliqui,"25,00"
2238,Aliqui RP-35,Infantil,Outono,2,Aliqui,"25,00"
2239,Aliqui RP-36,Infantil,Outono,2,Aliqui,"25,00"
2240,Aliqui RP-37,Infantil,Outono,2,Aliqui,"25,00"
2241,Aliqui RP-38,Infantil,Outono,2,Aliqui,"25,00"
2242,Aliqui RP-39,Infantil,Outono,2,Aliqui,"25,00"
2243,Aliqui RP-40,Infantil,Outono,2,Aliqui,"25,00"
2244,Aliqui RP-41,Infantil,Outono,2,Aliqui,"25,00"
2245,Aliqui RP-42,Infantil,Outono,2,Aliqui,"25,00"
2246,Aliqui RP-43,Infantil,Outono,2,Aliqui,"25,00"
2247,Aliqui RP-44,Infantil,Outono,2,Aliqui,"25,00"
2248,Aliqui RP-45,Infantil,Outono,2,Aliqui,"25,00"
2249,Aliqui RP-46,Infantil,Outono,2,Aliqui,"25,00"
2250,Aliqui RP-47,Infantil,Outono,2,Aliqui,"25,00"
2251,Aliqui RP-48,Infantil,Outono,2,Aliqui,"25,00"
2252,Aliqui RP-49,Infantil,Outono,2,Aliqui,"25,00"
2253,Aliqui RP-50,Infantil,Outono,2,Aliqui,"25,00"
2254,Aliqui RP-51,Infantil,Outono,2,Aliqui,"25,00"
2255,Aliqui RP-52,Infantil,Outono,2,Aliqui,"25,00"
2256,Aliqui RP-53,Infantil,Outono,2,Aliqui,"25,00"
2257,Aliqui RP-54,Infantil,Outono,2,Aliqui,"25,00"
2258,Aliqui RP-55,Infantil,Outono,2,Aliqui,"25,00"
2259,Aliqui RP-56,Infantil,Outono,2,Aliqui,"25,00"
2260,Aliqui RP-57,Infantil,Outono,2,Aliqui,"25,00"
2261,Aliqui RP-58,Infantil,Outono,2,Aliqui,"25,00"
2262,Aliqui RP-59,Infantil,Outono,2,Aliqui,"25,00"
2263,Aliqui RP-60,Infantil,Outono,2,Aliqui,"25,00"
2264,Aliqui RP-61,Infantil,Outono,2,Aliqui,"25,00"
2265,Aliqui RP-62,Infantil,Outono,2,Aliqui,"25,00"
2266,Aliqui RP-63,Infantil,Outono,2,Aliqui,"25,00"
2267,Aliqui RP-64,Infantil,Outono,2,Aliqui,"25,00"
2268,Aliqui RS-01,Infantil,Verao,2,Aliqui,"25,00"
2269,Aliqui RS-02,Infantil,Verao,2,Aliqui,"25,00"
2270,Aliqui RS-03,Infantil,Verao,2,Aliqui,"25,00"
2271,Aliqui RS-04,Infantil,Verao,2,Aliqui,"25,00"
2272,Aliqui RS-05,Infantil,Verao,2,Aliqui,"25,00"
2273,Aliqui RS-06,Infantil,Verao,2,Aliqui,"25,00"
2274,Aliqui RS-07,Infantil,Verao,2,Aliqui,"25,00"
2275,Aliqui RS-08,Infantil,Verao,2,Aliqui,"25,00"
2276,Aliqui RS-09,Infantil,Verao,2,Aliqui,"25,00"
2277,Aliqui RS-10,Infantil,Verao,2,Aliqui,"25,00"
2278,Aliqui RS-11,Infantil,Verao,2,Aliqui,"25,00"
2279,Aliqui RS-12,Infantil,Verao,2,Aliqui,"25,00"
2280,Aliqui RS-13,Infantil,Verao,2,Aliqui,"25,00"
2281,Aliqui RS-14,Infantil,Verao,2,Aliqui,"25,00"
2282,Aliqui RS-15,Infantil,Verao,2,Aliqui,"25,00"
2283,Aliqui RS-16,Infantil,Verao,2,Aliqui,"25,00"
2284,Aliqui RS-17,Infantil,Verao,2,Aliqui,"25,00"
2285,Aliqui RS-18,Infantil,Verao,2,Aliqui,"25,00"
1926,Currus RP-01,Infantil,Outono,4,Currus,"25,00"
1927,Currus RP-02,Infantil,Outono,4,Currus,"25,00"
1928,Currus RP-03,Infantil,Outono,4,Currus,"25,00"
1929,Currus RP-04,Infantil,Outono,4,Currus,"25,00"
1930,Currus RP-05,Infantil,Outono,4,Currus,"25,00"
1931,Currus RP-06,Infantil,Outono,4,Currus,"25,00"
1932,Currus RP-07,Infantil,Outono,4,Currus,"25,00"
1933,Currus RP-08,Infantil,Outono,4,Currus,"25,00"
1934,Currus RP-09,Infantil,Outono,4,Currus,"25,00"
1935,Currus RP-10,Infantil,Outono,4,Currus,"25,00"
1936,Currus RP-11,Infantil,Outono,4,Currus,"25,00"
1937,Currus RP-12,Infantil,Outono,4,Currus,"25,00"
1938,Currus RP-13,Infantil,Outono,4,Currus,"25,00"
1939,Currus RP-14,Infantil,Outono,4,Currus,"25,00"
1940,Currus RP-15,Infantil,Outono,4,Currus,"25,00"
1941,Currus RP-16,Infantil,Outono,4,Currus,"25,00"
1942,Currus RP-17,Infantil,Outono,4,Currus,"25,00"
1943,Currus RP-18,Infantil,Outono,4,Currus,"25,00"
1944,Currus RP-19,Infantil,Outono,4,Currus,"25,00"
1945,Currus RP-20,Infantil,Outono,4,Currus,"25,00"
1946,Currus RP-21,Infantil,Outono,4,Currus,"25,00"
1947,Currus RP-22,Infantil,Outono,4,Currus,"25,00"
1948,Currus RP-23,Infantil,Outono,4,Currus,"25,00"
1949,Currus RP-24,Infantil,Outono,4,Currus,"25,00"
1950,Currus RP-25,Infantil,Outono,4,Currus,"25,00"
1951,Currus RP-26,Infantil,Outono,4,Currus,"25,00"
1952,Currus RP-27,Infantil,Outono,4,Currus,"25,00"
1953,Currus RP-28,Infantil,Outono,4,Currus,"25,00"
1954,Currus RP-29,Infantil,Outono,4,Currus,"25,00"
1955,Currus RP-30,Infantil,Outono,4,Currus,"25,00"
1956,Currus RP-31,Infantil,Outono,4,Currus,"25,00"
1957,Currus RP-32,Infantil,Outono,4,Currus,"25,00"
1958,Currus RP-33,Infantil,Outono,4,Currus,"25,00"
1959,Currus RP-34,Infantil,Outono,4,Currus,"25,00"
1960,Currus RP-35,Infantil,Outono,4,Currus,"25,00"
1961,Currus RP-36,Infantil,Outono,4,Currus,"25,00"
1962,Currus RP-37,Infantil,Outono,4,Currus,"25,00"
1963,Currus RP-38,Infantil,Outono,4,Currus,"25,00"
1964,Currus RP-39,Infantil,Outono,4,Currus,"25,00"
1965,Currus RP-40,Infantil,Outono,4,Currus,"25,00"
1966,Currus RP-41,Infantil,Outono,4,Currus,"25,00"
1967,Currus RP-42,Infantil,Outono,4,Currus,"25,00"
1968,Currus RP-43,Infantil,Outono,4,Currus,"25,00"
1969,Currus RP-44,Infantil,Outono,4,Currus,"25,00"
1970,Currus RP-45,Infantil,Outono,4,Currus,"25,00"
1971,Currus RP-46,Infantil,Outono,4,Currus,"25,00"
1972,Currus RP-47,Infantil,Outono,4,Currus,"25,00"
1973,Currus RP-48,Infantil,Outono,4,Currus,"25,00"
1974,Currus RP-49,Infantil,Outono,4,Currus,"25,00"
1975,Currus RP-50,Infantil,Outono,4,Currus,"25,00"
1976,Currus RP-51,Infantil,Outono,4,Currus,"25,00"
1977,Currus RP-52,Infantil,Outono,4,Currus,"25,00"
1978,Currus RP-53,Infantil,Outono,4,Currus,"25,00"
1979,Currus RP-54,Infantil,Outono,4,Currus,"25,00"
1980,Currus RP-55,Infantil,Outono,4,Currus,"25,00"
1981,Currus RP-56,Infantil,Outono,4,Currus,"25,00"
1982,Currus RS-01,Infantil,Verao,4,Currus,"25,00"
1983,Currus RS-02,Infantil,Verao,4,Currus,"25,00"
1984,Currus RS-03,Infantil,Verao,4,Currus,"25,00"
1985,Currus RS-04,Infantil,Verao,4,Currus,"25,00"
1986,Currus RS-05,Infantil,Verao,4,Currus,"25,00"
1987,Currus RS-06,Infantil,Verao,4,Currus,"25,00"
1988,Currus RS-07,Infantil,Verao,4,Currus,"25,00"
1989,Currus RS-08,Infantil,Verao,4,Currus,"25,00"
1990,Currus RS-09,Infantil,Verao,4,Currus,"25,00"
1991,Currus RS-10,Infantil,Verao,4,Currus,"25,00"
1992,Currus RS-11,Infantil,Verao,4,Currus,"25,00"
1993,Currus RS-12,Infantil,Verao,4,Currus,"25,00"
713,Florenza RP-01,Infantil,Outono,8,Florenza,"25,00"
714,Florenza RP-02,Infantil,Outono,8,Florenza,"25,00"
715,Florenza RP-03,Infantil,Outono,8,Florenza,"25,00"
716,Florenza RP-04,Infantil,Outono,8,Florenza,"25,00"
717,Florenza RP-05,Infantil,Outono,8,Florenza,"25,00"
718,Florenza RP-06,Infantil,Outono,8,Florenza,"25,00"
719,Florenza RP-07,Infantil,Outono,8,Florenza,"25,00"
720,Florenza RP-08,Infantil,Outono,8,Florenza,"25,00"
721,Florenza RP-09,Infantil,Outono,8,Florenza,"25,00"
722,Florenza RP-10,Infantil,Outono,8,Florenza,"25,00"
723,Florenza RP-11,Infantil,Outono,8,Florenza,"25,00"
724,Florenza RP-12,Infantil,Outono,8,Florenza,"25,00"
725,Florenza RP-13,Infantil,Outono,8,Florenza,"25,00"
726,Florenza RP-14,Infantil,Outono,8,Florenza,"25,00"
727,Florenza RP-15,Infantil,Outono,8,Florenza,"25,00"
728,Florenza RP-16,Infantil,Outono,8,Florenza,"25,00"
729,Florenza RP-17,Infantil,Outono,8,Florenza,"25,00"
730,Florenza RP-18,Infantil,Outono,8,Florenza,"25,00"
731,Florenza RP-19,Infantil,Outono,8,Florenza,"25,00"
732,Florenza RP-20,Infantil,Outono,8,Florenza,"25,00"
733,Florenza RP-21,Infantil,Outono,8,Florenza,"25,00"
734,Florenza RP-22,Infantil,Outono,8,Florenza,"25,00"
735,Florenza RP-23,Infantil,Outono,8,Florenza,"25,00"
736,Florenza RP-24,Infantil,Outono,8,Florenza,"25,00"
737,Florenza RP-25,Infantil,Outono,8,Florenza,"25,00"
738,Florenza RP-26,Infantil,Outono,8,Florenza,"25,00"
739,Florenza RP-27,Infantil,Outono,8,Florenza,"25,00"
740,Florenza RP-28,Infantil,Outono,8,Florenza,"25,00"
741,Florenza RP-29,Infantil,Outono,8,Florenza,"25,00"
742,Florenza RP-30,Infantil,Outono,8,Florenza,"25,00"
743,Florenza RP-31,Infantil,Outono,8,Florenza,"25,00"
744,Florenza RP-32,Infantil,Outono,8,Florenza,"25,00"
745,Florenza RP-33,Infantil,Outono,8,Florenza,"25,00"
746,Florenza RP-34,Infantil,Outono,8,Florenza,"25,00"
747,Florenza RP-35,Infantil,Outono,8,Florenza,"25,00"
748,Florenza RP-36,Infantil,Outono,8,Florenza,"25,00"
749,Florenza RP-37,Infantil,Outono,8,Florenza,"25,00"
750,Florenza RP-38,Infantil,Outono,8,Florenza,"25,00"
751,Florenza RP-39,Infantil,Outono,8,Florenza,"25,00"
752,Florenza RP-40,Infantil,Outono,8,Florenza,"25,00"
753,Florenza RP-41,Infantil,Outono,8,Florenza,"25,00"
754,Florenza RP-42,Infantil,Outono,8,Florenza,"25,00"
755,Florenza RP-43,Infantil,Outono,8,Florenza,"25,00"
756,Florenza RP-44,Infantil,Outono,8,Florenza,"25,00"
757,Florenza RP-45,Infantil,Outono,8,Florenza,"25,00"
758,Florenza RP-46,Infantil,Outono,8,Florenza,"25,00"
759,Florenza RP-47,Infantil,Outono,8,Florenza,"25,00"
760,Florenza RP-48,Infantil,Outono,8,Florenza,"25,00"
761,Florenza RP-49,Infantil,Outono,8,Florenza,"25,00"
762,Florenza RP-50,Infantil,Outono,8,Florenza,"25,00"
763,Florenza RP-51,Infantil,Outono,8,Florenza,"25,00"
764,Florenza RP-52,Infantil,Outono,8,Florenza,"25,00"
765,Florenza RP-53,Infantil,Outono,8,Florenza,"25,00"
766,Florenza RP-54,Infantil,Outono,8,Florenza,"25,00"
767,Florenza RP-55,Infantil,Outono,8,Florenza,"25,00"
768,Florenza RP-56,Infantil,Outono,8,Florenza,"25,00"
769,Florenza RP-57,Infantil,Outono,8,Florenza,"25,00"
770,Florenza RP-58,Infantil,Outono,8,Florenza,"25,00"
771,Florenza RP-59,Infantil,Outono,8,Florenza,"25,00"
772,Florenza RP-60,Infantil,Outono,8,Florenza,"25,00"
773,Florenza RP-61,Infantil,Outono,8,Florenza,"25,00"
774,Florenza RP-62,Infantil,Outono,8,Florenza,"25,00"
775,Florenza RP-63,Infantil,Outono,8,Florenza,"25,00"
776,Florenza RP-64,Infantil,Outono,8,Florenza,"25,00"
777,Florenza RP-65,Infantil,Outono,8,Florenza,"25,00"
778,Florenza RP-66,Infantil,Outono,8,Florenza,"25,00"
779,Florenza RP-67,Infantil,Outono,8,Florenza,"25,00"
780,Florenza RP-68,Infantil,Outono,8,Florenza,"25,00"
781,Florenza RP-69,Infantil,Outono,8,Florenza,"25,00"
782,Florenza RP-70,Infantil,Outono,8,Florenza,"25,00"
783,Florenza RP-71,Infantil,Outono,8,Florenza,"25,00"
784,Florenza RP-72,Infantil,Outono,8,Florenza,"25,00"
785,Florenza RP-73,Infantil,Outono,8,Florenza,"25,00"
786,Florenza RP-74,Infantil,Outono,8,Florenza,"25,00"
787,Florenza RP-75,Infantil,Outono,8,Florenza,"25,00"
788,Florenza RP-76,Infantil,Outono,8,Florenza,"25,00"
789,Florenza RP-77,Infantil,Outono,8,Florenza,"25,00"
790,Florenza RP-78,Infantil,Outono,8,Florenza,"25,00"
791,Florenza RP-79,Infantil,Outono,8,Florenza,"25,00"
792,Florenza RP-80,Infantil,Outono,8,Florenza,"25,00"
793,Florenza RP-81,Infantil,Outono,8,Florenza,"25,00"
794,Florenza RP-82,Infantil,Outono,8,Florenza,"25,00"
795,Florenza RP-83,Infantil,Outono,8,Florenza,"25,00"
796,Florenza RP-84,Infantil,Outono,8,Florenza,"25,00"
797,Florenza RS-01,Infantil,Verao,8,Florenza,"25,00"
798,Florenza RS-02,Infantil,Verao,8,Florenza,"25,00"
799,Florenza RS-03,Infantil,Verao,8,Florenza,"25,00"
800,Florenza RS-04,Infantil,Verao,8,Florenza,"25,00"
801,Florenza RS-05,Infantil,Verao,8,Florenza,"25,00"
802,Florenza RS-06,Infantil,Verao,8,Florenza,"25,00"
803,Florenza RS-07,Infantil,Verao,8,Florenza,"25,00"
804,Florenza RS-08,Infantil,Verao,8,Florenza,"25,00"
805,Florenza RS-09,Infantil,Verao,8,Florenza,"25,00"
806,Florenza RS-10,Infantil,Verao,8,Florenza,"25,00"
807,Florenza RS-11,Infantil,Verao,8,Florenza,"25,00"
808,Florenza RS-12,Infantil,Verao,8,Florenza,"25,00"
809,Florenza RS-13,Infantil,Verao,8,Florenza,"25,00"
810,Florenza RS-14,Infantil,Verao,8,Florenza,"25,00"
811,Florenza RS-15,Infantil,Verao,8,Florenza,"25,00"
812,Florenza RS-16,Infantil,Verao,8,Florenza,"25,00"
813,Florenza RS-17,Infantil,Verao,8,Florenza,"25,00"
814,Florenza RS-18,Infantil,Verao,8,Florenza,"25,00"
815,Florenza RS-19,Infantil,Verao,8,Florenza,"25,00"
816,Florenza RS-20,Infantil,Verao,8,Florenza,"25,00"
392,Maximus RP-01,Infantil,Inverno,7,FashionStore,"25,00"
393,Maximus RP-02,Infantil,Outono,7,FashionStore,"25,00"
394,Maximus RS-01,Infantil,Verao,7,FashionStore,"25,00"
395,Maximus RS-02,Infantil,Verao,7,FashionStore,"25,00"
2392,Aliqui YY-01,Intima,Primavera,2,Aliqui,"30,00"
2393,Aliqui YY-02,Intima,Primavera,2,Aliqui,"30,00"
2394,Aliqui YY-03,Intima,Primavera,2,Aliqui,"30,00"
2395,Aliqui YY-04,Intima,Primavera,2,Aliqui,"30,00"
2396,Aliqui YY-05,Intima,Primavera,2,Aliqui,"30,00"
2397,Aliqui YY-06,Intima,Primavera,2,Aliqui,"30,00"
2398,Aliqui YY-07,Intima,Primavera,2,Aliqui,"30,00"
2399,Aliqui YY-08,Intima,Primavera,2,Aliqui,"30,00"
2400,Aliqui YY-09,Intima,Primavera,2,Aliqui,"30,00"
2401,Aliqui YY-10,Intima,Primavera,2,Aliqui,"30,00"
2402,Aliqui YY-11,Intima,Primavera,2,Aliqui,"30,00"
2403,Aliqui YY-12,Intima,Primavera,2,Aliqui,"30,00"
2404,Aliqui YY-13,Intima,Primavera,2,Aliqui,"30,00"
2405,Aliqui YY-14,Intima,Primavera,2,Aliqui,"30,00"
2406,Aliqui YY-15,Intima,Primavera,2,Aliqui,"30,00"
2407,Aliqui YY-16,Intima,Primavera,2,Aliqui,"30,00"
2408,Aliqui YY-17,Intima,Primavera,2,Aliqui,"30,00"
2409,Aliqui YY-18,Intima,Primavera,2,Aliqui,"30,00"
2410,Aliqui YY-19,Intima,Primavera,2,Aliqui,"30,00"
2411,Aliqui YY-20,Intima,Primavera,2,Aliqui,"30,00"
2412,Aliqui YY-21,Intima,Primavera,2,Aliqui,"30,00"
2097,Currus YY-01,Intima,Primavera,4,Currus,"30,00"
2098,Currus YY-02,Intima,Primavera,4,Currus,"30,00"
2099,Currus YY-03,Intima,Primavera,4,Currus,"30,00"
2100,Currus YY-04,Intima,Primavera,4,Currus,"30,00"
2101,Currus YY-05,Intima,Primavera,4,Currus,"30,00"
1000,Florenza YY-01,Intima,Primavera,8,Florenza,"30,00"
1001,Florenza YY-02,Intima,Primavera,8,Florenza,"30,00"
1002,Florenza YY-03,Intima,Primavera,8,Florenza,"30,00"
1003,Florenza YY-04,Intima,Primavera,8,Florenza,"30,00"
1004,Florenza YY-05,Intima,Primavera,8,Florenza,"30,00"
1005,Florenza YY-06,Intima,Primavera,8,Florenza,"30,00"
1006,Florenza YY-07,Intima,Primavera,8,Florenza,"30,00"
1007,Florenza YY-08,Intima,Primavera,8,Florenza,"30,00"
1008,Florenza YY-09,Intima,Primavera,8,Florenza,"30,00"
1009,Florenza YY-10,Intima,Primavera,8,Florenza,"30,00"
1010,Florenza YY-11,Intima,Primavera,8,Florenza,"30,00"
1011,Florenza YY-12,Intima,Primavera,8,Florenza,"30,00"
1012,Florenza YY-13,Intima,Primavera,8,Florenza,"30,00"
1013,Florenza YY-14,Intima,Primavera,8,Florenza,"30,00"
1014,Florenza YY-15,Intima,Primavera,8,Florenza,"30,00"
1015,Florenza YY-16,Intima,Primavera,8,Florenza,"30,00"
1016,Florenza YY-17,Intima,Primavera,8,Florenza,"30,00"
1017,Florenza YY-18,Intima,Primavera,8,Florenza,"30,00"
1018,Florenza YY-19,Intima,Primavera,8,Florenza,"30,00"
1019,Florenza YY-20,Intima,Primavera,8,Florenza,"30,00"
1020,Florenza YY-21,Intima,Primavera,8,Florenza,"30,00"
1021,Florenza YY-22,Intima,Primavera,8,Florenza,"30,00"
1022,Florenza YY-23,Intima,Primavera,8,Florenza,"30,00"
1023,Florenza YY-24,Intima,Primavera,8,Florenza,"30,00"
1024,Florenza YY-25,Intima,Primavera,8,Florenza,"30,00"
1025,Florenza YY-26,Intima,Primavera,8,Florenza,"30,00"
1026,Florenza YY-27,Intima,Primavera,8,Florenza,"30,00"
1043,AlecrimStore MA-01,Mix,Multi Estacoes,10,AlecrimStore,"40,00"
1044,AlecrimStore MA-02,Mix,Multi Estacoes,10,AlecrimStore,"40,00"
1045,AlecrimStore MA-03,Mix,Multi Estacoes,10,AlecrimStore,"40,00"
1046,AlecrimStore MA-04,Mix,Multi Estacoes,10,AlecrimStore,"40,00"
1047,AlecrimStore MA-05,Mix,Multi Estacoes,10,AlecrimStore,"40,00"
1048,AlecrimStore MA-06,Mix,Multi Estacoes,10,AlecrimStore,"40,00"
1049,AlecrimStore MA-07,Mix,Multi Estacoes,10,AlecrimStore,"40,00"
1050,AlecrimStore MA-08,Mix,Multi Estacoes,10,AlecrimStore,"40,00"
1051,AlecrimStore MA-09,Mix,Multi Estacoes,10,AlecrimStore,"40,00"
1052,AlecrimStore MA-10,Mix,Multi Estacoes,10,AlecrimStore,"40,00"
1053,AlecrimStore MA-11,Mix,Multi Estacoes,10,AlecrimStore,"40,00"
1054,AlecrimStore MA-12,Mix,Multi Estacoes,10,AlecrimStore,"40,00"
2187,Aliqui MA-01,Mix,Multi Estacoes,2,Aliqui,"40,00"
2188,Aliqui MA-02,Mix,Multi Estacoes,2,Aliqui,"40,00"
2189,Aliqui MA-03,Mix,Multi Estacoes,2,Aliqui,"40,00"
2190,Aliqui MA-04,Mix,Multi Estacoes,2,Aliqui,"40,00"
2191,Aliqui MA-05,Mix,Multi Estacoes,2,Aliqui,"40,00"
2192,Aliqui MA-06,Mix,Multi Estacoes,2,Aliqui,"40,00"
2193,Aliqui MA-07,Mix,Multi Estacoes,2,Aliqui,"40,00"
2194,Aliqui MA-08,Mix,Multi Estacoes,2,Aliqui,"40,00"
2195,Aliqui MA-09,Mix,Multi Estacoes,2,Aliqui,"40,00"
2196,Aliqui MA-10,Mix,Multi Estacoes,2,Aliqui,"40,00"
2197,Aliqui MA-11,Mix,Multi Estacoes,2,Aliqui,"40,00"
2198,Aliqui MA-12,Mix,Multi Estacoes,2,Aliqui,"40,00"
2199,Aliqui MA-13,Mix,Multi Estacoes,2,Aliqui,"40,00"
2200,Aliqui MA-14,Mix,Multi Estacoes,2,Aliqui,"40,00"
2201,Aliqui MA-15,Mix,Multi Estacoes,2,Aliqui,"40,00"
2202,Aliqui MA-16,Mix,Multi Estacoes,2,Aliqui,"40,00"
2203,Aliqui MA-17,Mix,Multi Estacoes,2,Aliqui,"40,00"
1908,Currus MA-01,Mix,Multi Estacoes,4,Currus,"40,00"
1909,Currus MA-02,Mix,Multi Estacoes,4,Currus,"40,00"
1910,Currus MA-03,Mix,Multi Estacoes,4,Currus,"40,00"
1911,Currus MA-04,Mix,Multi Estacoes,4,Currus,"40,00"
1912,Currus MA-05,Mix,Multi Estacoes,4,Currus,"40,00"
1913,Currus MA-06,Mix,Multi Estacoes,4,Currus,"40,00"
1914,Currus MA-07,Mix,Multi Estacoes,4,Currus,"40,00"
1915,Currus MA-08,Mix,Multi Estacoes,4,Currus,"40,00"
1916,Currus MA-09,Mix,Multi Estacoes,4,Currus,"40,00"
1917,Currus MA-10,Mix,Multi Estacoes,4,Currus,"40,00"
1918,Currus MA-11,Mix,Multi Estacoes,4,Currus,"40,00"
1919,Currus MA-12,Mix,Multi Estacoes,4,Currus,"40,00"
1920,Currus MA-13,Mix,Multi Estacoes,4,Currus,"40,00"
1921,Currus MA-14,Mix,Multi Estacoes,4,Currus,"40,00"
1922,Currus MA-15,Mix,Multi Estacoes,4,Currus,"40,00"
1923,Currus MA-16,Mix,Multi Estacoes,4,Currus,"40,00"
1924,Currus MA-17,Mix,Multi Estacoes,4,Currus,"40,00"
1925,Currus MA-18,Mix,Multi Estacoes,4,Currus,"40,00"
694,Florenza MA-01,Mix,Multi Estacoes,8,Florenza,"40,00"
695,Florenza MA-02,Mix,Multi Estacoes,8,Florenza,"40,00"
696,Florenza MA-03,Mix,Multi Estacoes,8,Florenza,"40,00"
697,Florenza MA-04,Mix,Multi Estacoes,8,Florenza,"40,00"
698,Florenza MA-05,Mix,Multi Estacoes,8,Florenza,"40,00"
699,Florenza MA-06,Mix,Multi Estacoes,8,Florenza,"40,00"
700,Florenza MA-07,Mix,Multi Estacoes,8,Florenza,"40,00"
701,Florenza MA-08,Mix,Multi Estacoes,8,Florenza,"40,00"
702,Florenza MA-09,Mix,Multi Estacoes,8,Florenza,"40,00"
703,Florenza MA-10,Mix,Multi Estacoes,8,Florenza,"40,00"
704,Florenza MA-11,Mix,Multi Estacoes,8,Florenza,"40,00"
705,Florenza MA-12,Mix,Multi Estacoes,8,Florenza,"40,00"
706,Florenza MA-13,Mix,Multi Estacoes,8,Florenza,"40,00"
707,Florenza MA-14,Mix,Multi Estacoes,8,Florenza,"40,00"
708,Florenza MA-15,Mix,Multi Estacoes,8,Florenza,"40,00"
709,Florenza MA-16,Mix,Multi Estacoes,8,Florenza,"40,00"
710,Florenza MA-17,Mix,Multi Estacoes,8,Florenza,"40,00"
711,Florenza MA-18,Mix,Multi Estacoes,8,Florenza,"40,00"
712,Florenza MA-19,Mix,Multi Estacoes,8,Florenza,"40,00"
1199,AlecrimStore UC-01,Social,Verao,10,AlecrimStore,"50,00"
1200,AlecrimStore UC-02,Social,Verao,10,AlecrimStore,"50,00"
1201,AlecrimStore UC-03,Social,Verao,10,AlecrimStore,"50,00"
1202,AlecrimStore UC-04,Social,Verao,10,AlecrimStore,"50,00"
1203,AlecrimStore UC-05,Social,Verao,10,AlecrimStore,"50,00"
1204,AlecrimStore UC-06,Social,Verao,10,AlecrimStore,"50,00"
1205,AlecrimStore UC-07,Social,Verao,10,AlecrimStore,"50,00"
1206,AlecrimStore UC-08,Social,Verao,10,AlecrimStore,"50,00"
1207,AlecrimStore UC-09,Social,Verao,10,AlecrimStore,"50,00"
1208,AlecrimStore UC-10,Social,Verao,10,AlecrimStore,"50,00"
1209,AlecrimStore UC-11,Social,Verao,10,AlecrimStore,"50,00"
1210,AlecrimStore UC-12,Social,Verao,10,AlecrimStore,"50,00"
1211,AlecrimStore UC-13,Social,Verao,10,AlecrimStore,"50,00"
1212,AlecrimStore UC-14,Social,Verao,10,AlecrimStore,"50,00"
1213,AlecrimStore UC-15,Social,Verao,10,AlecrimStore,"50,00"
1214,AlecrimStore UC-16,Social,Verao,10,AlecrimStore,"50,00"
1215,AlecrimStore UC-17,Social,Verao,10,AlecrimStore,"50,00"
1216,AlecrimStore UC-18,Social,Verao,10,AlecrimStore,"50,00"
1217,AlecrimStore UC-19,Social,Verao,10,AlecrimStore,"50,00"
1218,AlecrimStore UC-20,Social,Verao,10,AlecrimStore,"50,00"
1219,AlecrimStore UC-21,Social,Verao,10,AlecrimStore,"50,00"
1220,AlecrimStore UC-22,Social,Verao,10,AlecrimStore,"50,00"
1221,AlecrimStore UC-23,Social,Verao,10,AlecrimStore,"50,00"
1222,AlecrimStore UC-24,Social,Verao,10,AlecrimStore,"50,00"
1223,AlecrimStore UC-25,Social,Verao,10,AlecrimStore,"50,00"
1224,AlecrimStore UC-26,Social,Verao,10,AlecrimStore,"50,00"
1225,AlecrimStore UC-27,Social,Verao,10,AlecrimStore,"50,00"
1226,AlecrimStore UC-28,Social,Verao,10,AlecrimStore,"50,00"
1227,AlecrimStore UC-29,Social,Verao,10,AlecrimStore,"50,00"
1228,AlecrimStore UC-30,Social,Verao,10,AlecrimStore,"50,00"
1229,AlecrimStore UC-31,Social,Verao,10,AlecrimStore,"50,00"
1230,AlecrimStore UC-32,Social,Verao,10,AlecrimStore,"50,00"
1231,AlecrimStore UC-33,Social,Verao,10,AlecrimStore,"50,00"
1232,AlecrimStore UC-34,Social,Verao,10,AlecrimStore,"50,00"
1165,AlecrimStore UE-01,Social,Outono,10,AlecrimStore,"50,00"
1166,AlecrimStore UE-02,Social,Outono,10,AlecrimStore,"50,00"
1167,AlecrimStore UE-03,Social,Outono,10,AlecrimStore,"50,00"
1168,AlecrimStore UE-04,Social,Outono,10,AlecrimStore,"50,00"
1169,AlecrimStore UE-05,Social,Outono,10,AlecrimStore,"50,00"
1170,AlecrimStore UE-06,Social,Outono,10,AlecrimStore,"50,00"
1171,AlecrimStore UE-07,Social,Outono,10,AlecrimStore,"50,00"
1172,AlecrimStore UE-08,Social,Outono,10,AlecrimStore,"50,00"
1173,AlecrimStore UE-09,Social,Outono,10,AlecrimStore,"50,00"
1174,AlecrimStore UE-10,Social,Outono,10,AlecrimStore,"50,00"
1175,AlecrimStore UE-11,Social,Outono,10,AlecrimStore,"50,00"
1176,AlecrimStore UE-12,Social,Outono,10,AlecrimStore,"50,00"
1177,AlecrimStore UE-13,Social,Outono,10,AlecrimStore,"50,00"
1178,AlecrimStore UE-14,Social,Outono,10,AlecrimStore,"50,00"
1179,AlecrimStore UE-15,Social,Outono,10,AlecrimStore,"50,00"
1180,AlecrimStore UE-16,Social,Outono,10,AlecrimStore,"50,00"
1181,AlecrimStore UE-17,Social,Outono,10,AlecrimStore,"50,00"
1182,AlecrimStore UE-18,Social,Outono,10,AlecrimStore,"50,00"
1183,AlecrimStore UE-19,Social,Outono,10,AlecrimStore,"50,00"
1184,AlecrimStore UE-20,Social,Outono,10,AlecrimStore,"50,00"
1185,AlecrimStore UE-21,Social,Outono,10,AlecrimStore,"50,00"
1186,AlecrimStore UE-22,Social,Outono,10,AlecrimStore,"50,00"
1187,AlecrimStore UE-23,Social,Outono,10,AlecrimStore,"50,00"
1188,AlecrimStore UE-24,Social,Outono,10,AlecrimStore,"50,00"
1189,AlecrimStore UE-25,Social,Outono,10,AlecrimStore,"50,00"
1190,AlecrimStore UE-26,Social,Outono,10,AlecrimStore,"50,00"
1191,AlecrimStore UE-27,Social,Outono,10,AlecrimStore,"50,00"
1192,AlecrimStore UE-28,Social,Outono,10,AlecrimStore,"50,00"
1193,AlecrimStore UE-29,Social,Outono,10,AlecrimStore,"50,00"
1194,AlecrimStore UE-30,Social,Outono,10,AlecrimStore,"50,00"
1195,AlecrimStore UE-31,Social,Outono,10,AlecrimStore,"50,00"
1196,AlecrimStore UE-32,Social,Outono,10,AlecrimStore,"50,00"
1197,AlecrimStore UE-33,Social,Outono,10,AlecrimStore,"50,00"
1198,AlecrimStore UE-34,Social,Outono,10,AlecrimStore,"50,00"
1124,AlecrimStore UM-01,Social,Inverno,10,AlecrimStore,"50,00"
1125,AlecrimStore UM-02,Social,Inverno,10,AlecrimStore,"50,00"
1126,AlecrimStore UM-03,Social,Inverno,10,AlecrimStore,"50,00"
1127,AlecrimStore UM-04,Social,Inverno,10,AlecrimStore,"50,00"
1128,AlecrimStore UM-05,Social,Inverno,10,AlecrimStore,"50,00"
1129,AlecrimStore UM-06,Social,Inverno,10,AlecrimStore,"50,00"
1130,AlecrimStore UM-07,Social,Inverno,10,AlecrimStore,"50,00"
1131,AlecrimStore UM-08,Social,Inverno,10,AlecrimStore,"50,00"
1132,AlecrimStore UM-09,Social,Inverno,10,AlecrimStore,"50,00"
1133,AlecrimStore UM-10,Social,Inverno,10,AlecrimStore,"50,00"
1134,AlecrimStore UM-11,Social,Inverno,10,AlecrimStore,"50,00"
1135,AlecrimStore UM-12,Social,Inverno,10,AlecrimStore,"50,00"
1136,AlecrimStore UM-13,Social,Inverno,10,AlecrimStore,"50,00"
1137,AlecrimStore UM-14,Social,Inverno,10,AlecrimStore,"50,00"
1138,AlecrimStore UM-15,Social,Inverno,10,AlecrimStore,"50,00"
1139,AlecrimStore UM-16,Social,Inverno,10,AlecrimStore,"50,00"
1140,AlecrimStore UM-17,Social,Inverno,10,AlecrimStore,"50,00"
1141,AlecrimStore UM-18,Social,Inverno,10,AlecrimStore,"50,00"
1142,AlecrimStore UM-19,Social,Inverno,10,AlecrimStore,"50,00"
1143,AlecrimStore UM-20,Social,Inverno,10,AlecrimStore,"50,00"
1144,AlecrimStore UR-01,Social,Primavera,10,AlecrimStore,"50,00"
1145,AlecrimStore UR-02,Social,Primavera,10,AlecrimStore,"50,00"
1146,AlecrimStore UR-03,Social,Primavera,10,AlecrimStore,"50,00"
1147,AlecrimStore UR-04,Social,Primavera,10,AlecrimStore,"50,00"
1148,AlecrimStore UR-05,Social,Primavera,10,AlecrimStore,"50,00"
1149,AlecrimStore UR-06,Social,Primavera,10,AlecrimStore,"50,00"
1150,AlecrimStore UR-07,Social,Primavera,10,AlecrimStore,"50,00"
1151,AlecrimStore UR-08,Social,Primavera,10,AlecrimStore,"50,00"
1152,AlecrimStore UR-09,Social,Primavera,10,AlecrimStore,"50,00"
1153,AlecrimStore UR-10,Social,Primavera,10,AlecrimStore,"50,00"
1154,AlecrimStore UR-11,Social,Primavera,10,AlecrimStore,"50,00"
1155,AlecrimStore UR-12,Social,Primavera,10,AlecrimStore,"50,00"
1156,AlecrimStore UR-13,Social,Primavera,10,AlecrimStore,"50,00"
1157,AlecrimStore UR-14,Social,Primavera,10,AlecrimStore,"50,00"
1158,AlecrimStore UR-15,Social,Primavera,10,AlecrimStore,"50,00"
1159,AlecrimStore UR-16,Social,Primavera,10,AlecrimStore,"50,00"
1160,AlecrimStore UR-17,Social,Primavera,10,AlecrimStore,"50,00"
1161,AlecrimStore UR-18,Social,Primavera,10,AlecrimStore,"50,00"
1162,AlecrimStore UR-19,Social,Primavera,10,AlecrimStore,"50,00"
1163,AlecrimStore UR-20,Social,Primavera,10,AlecrimStore,"50,00"
1164,AlecrimStore UR-21,Social,Primavera,10,AlecrimStore,"50,00"
2353,Aliqui UC-01,Social,Verao,2,Aliqui,"50,00"
2354,Aliqui UC-02,Social,Verao,2,Aliqui,"50,00"
2355,Aliqui UC-03,Social,Verao,2,Aliqui,"50,00"
2356,Aliqui UC-04,Social,Verao,2,Aliqui,"50,00"
2357,Aliqui UC-05,Social,Verao,2,Aliqui,"50,00"
2358,Aliqui UC-06,Social,Verao,2,Aliqui,"50,00"
2359,Aliqui UC-07,Social,Verao,2,Aliqui,"50,00"
2360,Aliqui UC-08,Social,Verao,2,Aliqui,"50,00"
2361,Aliqui UC-09,Social,Verao,2,Aliqui,"50,00"
2362,Aliqui UC-10,Social,Verao,2,Aliqui,"50,00"
2363,Aliqui UC-11,Social,Verao,2,Aliqui,"50,00"
2364,Aliqui UC-12,Social,Verao,2,Aliqui,"50,00"
2365,Aliqui UC-13,Social,Verao,2,Aliqui,"50,00"
2366,Aliqui UC-14,Social,Verao,2,Aliqui,"50,00"
2367,Aliqui UC-15,Social,Verao,2,Aliqui,"50,00"
2368,Aliqui UC-16,Social,Verao,2,Aliqui,"50,00"
2369,Aliqui UC-17,Social,Verao,2,Aliqui,"50,00"
2370,Aliqui UC-18,Social,Verao,2,Aliqui,"50,00"
2371,Aliqui UC-19,Social,Verao,2,Aliqui,"50,00"
2372,Aliqui UC-20,Social,Verao,2,Aliqui,"50,00"
2373,Aliqui UC-21,Social,Verao,2,Aliqui,"50,00"
2374,Aliqui UC-22,Social,Verao,2,Aliqui,"50,00"
2375,Aliqui UC-23,Social,Verao,2,Aliqui,"50,00"
2376,Aliqui UC-24,Social,Verao,2,Aliqui,"50,00"
2377,Aliqui UC-25,Social,Verao,2,Aliqui,"50,00"
2378,Aliqui UC-26,Social,Verao,2,Aliqui,"50,00"
2379,Aliqui UC-27,Social,Verao,2,Aliqui,"50,00"
2380,Aliqui UC-28,Social,Verao,2,Aliqui,"50,00"
2381,Aliqui UC-29,Social,Verao,2,Aliqui,"50,00"
2382,Aliqui UC-30,Social,Verao,2,Aliqui,"50,00"
2383,Aliqui UC-31,Social,Verao,2,Aliqui,"50,00"
2384,Aliqui UC-32,Social,Verao,2,Aliqui,"50,00"
2385,Aliqui UC-33,Social,Verao,2,Aliqui,"50,00"
2386,Aliqui UC-34,Social,Verao,2,Aliqui,"50,00"
2387,Aliqui UC-35,Social,Verao,2,Aliqui,"50,00"
2388,Aliqui UC-36,Social,Verao,2,Aliqui,"50,00"
2389,Aliqui UC-37,Social,Verao,2,Aliqui,"50,00"
2390,Aliqui UC-38,Social,Verao,2,Aliqui,"50,00"
2391,Aliqui UC-39,Social,Verao,2,Aliqui,"50,00"
2327,Aliqui UE-01,Social,Outono,2,Aliqui,"50,00"
2328,Aliqui UE-02,Social,Outono,2,Aliqui,"50,00"
2329,Aliqui UE-03,Social,Outono,2,Aliqui,"50,00"
2330,Aliqui UE-04,Social,Outono,2,Aliqui,"50,00"
2331,Aliqui UE-05,Social,Outono,2,Aliqui,"50,00"
2332,Aliqui UE-06,Social,Outono,2,Aliqui,"50,00"
2333,Aliqui UE-07,Social,Outono,2,Aliqui,"50,00"
2334,Aliqui UE-08,Social,Outono,2,Aliqui,"50,00"
2335,Aliqui UE-09,Social,Outono,2,Aliqui,"50,00"
2336,Aliqui UE-10,Social,Outono,2,Aliqui,"50,00"
2337,Aliqui UE-11,Social,Outono,2,Aliqui,"50,00"
2338,Aliqui UE-12,Social,Outono,2,Aliqui,"50,00"
2339,Aliqui UE-13,Social,Outono,2,Aliqui,"50,00"
2340,Aliqui UE-14,Social,Outono,2,Aliqui,"50,00"
2341,Aliqui UE-15,Social,Outono,2,Aliqui,"50,00"
2342,Aliqui UE-16,Social,Outono,2,Aliqui,"50,00"
2343,Aliqui UE-17,Social,Outono,2,Aliqui,"50,00"
2344,Aliqui UE-18,Social,Outono,2,Aliqui,"50,00"
2345,Aliqui UE-19,Social,Outono,2,Aliqui,"50,00"
2346,Aliqui UE-20,Social,Outono,2,Aliqui,"50,00"
2347,Aliqui UE-21,Social,Outono,2,Aliqui,"50,00"
2348,Aliqui UE-22,Social,Outono,2,Aliqui,"50,00"
2349,Aliqui UE-23,Social,Outono,2,Aliqui,"50,00"
2350,Aliqui UE-24,Social,Outono,2,Aliqui,"50,00"
2351,Aliqui UE-25,Social,Outono,2,Aliqui,"50,00"
2352,Aliqui UE-26,Social,Outono,2,Aliqui,"50,00"
2286,Aliqui UM-01,Social,Inverno,2,Aliqui,"50,00"
2287,Aliqui UM-02,Social,Inverno,2,Aliqui,"50,00"
2288,Aliqui UM-03,Social,Inverno,2,Aliqui,"50,00"
2289,Aliqui UM-04,Social,Inverno,2,Aliqui,"50,00"
2290,Aliqui UM-05,Social,Inverno,2,Aliqui,"50,00"
2291,Aliqui UM-06,Social,Inverno,2,Aliqui,"50,00"
2292,Aliqui UM-07,Social,Inverno,2,Aliqui,"50,00"
2293,Aliqui UM-08,Social,Inverno,2,Aliqui,"50,00"
2294,Aliqui UM-09,Social,Inverno,2,Aliqui,"50,00"
2295,Aliqui UM-10,Social,Inverno,2,Aliqui,"50,00"
2296,Aliqui UM-11,Social,Inverno,2,Aliqui,"50,00"
2297,Aliqui UM-12,Social,Inverno,2,Aliqui,"50,00"
2298,Aliqui UR-01,Social,Primavera,2,Aliqui,"50,00"
2299,Aliqui UR-02,Social,Primavera,2,Aliqui,"50,00"
2300,Aliqui UR-03,Social,Primavera,2,Aliqui,"50,00"
2301,Aliqui UR-04,Social,Primavera,2,Aliqui,"50,00"
2302,Aliqui UR-05,Social,Primavera,2,Aliqui,"50,00"
2303,Aliqui UR-06,Social,Primavera,2,Aliqui,"50,00"
2304,Aliqui UR-07,Social,Primavera,2,Aliqui,"50,00"
2305,Aliqui UR-08,Social,Primavera,2,Aliqui,"50,00"
2306,Aliqui UR-09,Social,Primavera,2,Aliqui,"50,00"
2307,Aliqui UR-10,Social,Primavera,2,Aliqui,"50,00"
2308,Aliqui UR-11,Social,Primavera,2,Aliqui,"50,00"
2309,Aliqui UR-12,Social,Primavera,2,Aliqui,"50,00"
2310,Aliqui UR-13,Social,Primavera,2,Aliqui,"50,00"
2311,Aliqui UR-14,Social,Primavera,2,Aliqui,"50,00"
2312,Aliqui UR-15,Social,Primavera,2,Aliqui,"50,00"
2313,Aliqui UR-16,Social,Primavera,2,Aliqui,"50,00"
2314,Aliqui UR-17,Social,Primavera,2,Aliqui,"50,00"
2315,Aliqui UR-18,Social,Primavera,2,Aliqui,"50,00"
2316,Aliqui UR-19,Social,Primavera,2,Aliqui,"50,00"
2317,Aliqui UR-20,Social,Primavera,2,Aliqui,"50,00"
2318,Aliqui UR-21,Social,Primavera,2,Aliqui,"50,00"
2319,Aliqui UR-22,Social,Primavera,2,Aliqui,"50,00"
2320,Aliqui UR-23,Social,Primavera,2,Aliqui,"50,00"
2321,Aliqui UR-24,Social,Primavera,2,Aliqui,"50,00"
2322,Aliqui UR-25,Social,Primavera,2,Aliqui,"50,00"
2323,Aliqui UR-26,Social,Primavera,2,Aliqui,"50,00"
2324,Aliqui UR-27,Social,Primavera,2,Aliqui,"50,00"
2325,Aliqui UR-28,Social,Primavera,2,Aliqui,"50,00"
2326,Aliqui UR-29,Social,Primavera,2,Aliqui,"50,00"
2066,Currus UC-01,Social,Verao,4,Currus,"50,00"
2067,Currus UC-02,Social,Verao,4,Currus,"50,00"
2068,Currus UC-03,Social,Verao,4,Currus,"50,00"
2069,Currus UC-04,Social,Verao,4,Currus,"50,00"
2070,Currus UC-05,Social,Verao,4,Currus,"50,00"
2071,Currus UC-06,Social,Verao,4,Currus,"50,00"
2072,Currus UC-07,Social,Verao,4,Currus,"50,00"
2073,Currus UC-08,Social,Verao,4,Currus,"50,00"
2074,Currus UC-09,Social,Verao,4,Currus,"50,00"
2075,Currus UC-10,Social,Verao,4,Currus,"50,00"
2076,Currus UC-11,Social,Verao,4,Currus,"50,00"
2077,Currus UC-12,Social,Verao,4,Currus,"50,00"
2078,Currus UC-13,Social,Verao,4,Currus,"50,00"
2079,Currus UC-14,Social,Verao,4,Currus,"50,00"
2080,Currus UC-15,Social,Verao,4,Currus,"50,00"
2081,Currus UC-16,Social,Verao,4,Currus,"50,00"
2082,Currus UC-17,Social,Verao,4,Currus,"50,00"
2083,Currus UC-18,Social,Verao,4,Currus,"50,00"
2084,Currus UC-19,Social,Verao,4,Currus,"50,00"
2085,Currus UC-20,Social,Verao,4,Currus,"50,00"
2086,Currus UC-21,Social,Verao,4,Currus,"50,00"
2087,Currus UC-22,Social,Verao,4,Currus,"50,00"
2088,Currus UC-23,Social,Verao,4,Currus,"50,00"
2089,Currus UC-24,Social,Verao,4,Currus,"50,00"
2090,Currus UC-25,Social,Verao,4,Currus,"50,00"
2091,Currus UC-26,Social,Verao,4,Currus,"50,00"
2092,Currus UC-27,Social,Verao,4,Currus,"50,00"
2093,Currus UC-28,Social,Verao,4,Currus,"50,00"
2094,Currus UC-29,Social,Verao,4,Currus,"50,00"
2095,Currus UC-30,Social,Verao,4,Currus,"50,00"
2096,Currus UC-31,Social,Verao,4,Currus,"50,00"
2041,Currus UE-01,Social,Outono,4,Currus,"50,00"
2042,Currus UE-02,Social,Outono,4,Currus,"50,00"
2043,Currus UE-03,Social,Outono,4,Currus,"50,00"
2044,Currus UE-04,Social,Outono,4,Currus,"50,00"
2045,Currus UE-05,Social,Outono,4,Currus,"50,00"
2046,Currus UE-06,Social,Outono,4,Currus,"50,00"
2047,Currus UE-07,Social,Outono,4,Currus,"50,00"
2048,Currus UE-08,Social,Outono,4,Currus,"50,00"
2049,Currus UE-09,Social,Outono,4,Currus,"50,00"
2050,Currus UE-10,Social,Outono,4,Currus,"50,00"
2051,Currus UE-11,Social,Outono,4,Currus,"50,00"
2052,Currus UE-12,Social,Outono,4,Currus,"50,00"
2053,Currus UE-13,Social,Outono,4,Currus,"50,00"
2054,Currus UE-14,Social,Outono,4,Currus,"50,00"
2055,Currus UE-15,Social,Outono,4,Currus,"50,00"
2056,Currus UE-16,Social,Outono,4,Currus,"50,00"
2057,Currus UE-17,Social,Outono,4,Currus,"50,00"
2058,Currus UE-18,Social,Outono,4,Currus,"50,00"
2059,Currus UE-19,Social,Outono,4,Currus,"50,00"
2060,Currus UE-20,Social,Outono,4,Currus,"50,00"
2061,Currus UE-21,Social,Outono,4,Currus,"50,00"
2062,Currus UE-22,Social,Outono,4,Currus,"50,00"
2063,Currus UE-23,Social,Outono,4,Currus,"50,00"
2064,Currus UE-24,Social,Outono,4,Currus,"50,00"
2065,Currus UE-25,Social,Outono,4,Currus,"50,00"
1994,Currus UM-01,Social,Inverno,4,Currus,"50,00"
1995,Currus UM-02,Social,Inverno,4,Currus,"50,00"
1996,Currus UM-03,Social,Inverno,4,Currus,"50,00"
1997,Currus UM-04,Social,Inverno,4,Currus,"50,00"
1998,Currus UR-01,Social,Primavera,4,Currus,"50,00"
1999,Currus UR-02,Social,Primavera,4,Currus,"50,00"
2000,Currus UR-03,Social,Primavera,4,Currus,"50,00"
2001,Currus UR-04,Social,Primavera,4,Currus,"50,00"
2002,Currus UR-05,Social,Primavera,4,Currus,"50,00"
2003,Currus UR-06,Social,Primavera,4,Currus,"50,00"
2004,Currus UR-07,Social,Primavera,4,Currus,"50,00"
2005,Currus UR-08,Social,Primavera,4,Currus,"50,00"
2006,Currus UR-09,Social,Primavera,4,Currus,"50,00"
2007,Currus UR-10,Social,Primavera,4,Currus,"50,00"
2008,Currus UR-11,Social,Primavera,4,Currus,"50,00"
2009,Currus UR-12,Social,Primavera,4,Currus,"50,00"
2010,Currus UR-13,Social,Primavera,4,Currus,"50,00"
2011,Currus UR-14,Social,Primavera,4,Currus,"50,00"
2012,Currus UR-15,Social,Primavera,4,Currus,"50,00"
2013,Currus UR-16,Social,Primavera,4,Currus,"50,00"
2014,Currus UR-17,Social,Primavera,4,Currus,"50,00"
2015,Currus UR-18,Social,Primavera,4,Currus,"50,00"
2016,Currus UR-19,Social,Primavera,4,Currus,"50,00"
2017,Currus UR-20,Social,Primavera,4,Currus,"50,00"
2018,Currus UR-21,Social,Primavera,4,Currus,"50,00"
2019,Currus UR-22,Social,Primavera,4,Currus,"50,00"
2020,Currus UR-23,Social,Primavera,4,Currus,"50,00"
2021,Currus UR-24,Social,Primavera,4,Currus,"50,00"
2022,Currus UR-25,Social,Primavera,4,Currus,"50,00"
2023,Currus UR-26,Social,Primavera,4,Currus,"50,00"
2024,Currus UR-27,Social,Primavera,4,Currus,"50,00"
2025,Currus UR-28,Social,Primavera,4,Currus,"50,00"
2026,Currus UR-29,Social,Primavera,4,Currus,"50,00"
2027,Currus UR-30,Social,Primavera,4,Currus,"50,00"
2028,Currus UR-31,Social,Primavera,4,Currus,"50,00"
2029,Currus UR-32,Social,Primavera,4,Currus,"50,00"
2030,Currus UR-33,Social,Primavera,4,Currus,"50,00"
2031,Currus UR-34,Social,Primavera,4,Currus,"50,00"
2032,Currus UR-35,Social,Primavera,4,Currus,"50,00"
2033,Currus UR-36,Social,Primavera,4,Currus,"50,00"
2034,Currus UR-37,Social,Primavera,4,Currus,"50,00"
2035,Currus UR-38,Social,Primavera,4,Currus,"50,00"
2036,Currus UR-39,Social,Primavera,4,Currus,"50,00"
2037,Currus UR-40,Social,Primavera,4,Currus,"50,00"
2038,Currus UR-41,Social,Primavera,4,Currus,"50,00"
2039,Currus UR-42,Social,Primavera,4,Currus,"50,00"
2040,Currus UR-43,Social,Primavera,4,Currus,"50,00"
938,Florenza UC-01,Social,Verao,8,Florenza,"50,00"
939,Florenza UC-02,Social,Verao,8,Florenza,"50,00"
940,Florenza UC-03,Social,Verao,8,Florenza,"50,00"
941,Florenza UC-04,Social,Verao,8,Florenza,"50,00"
942,Florenza UC-05,Social,Verao,8,Florenza,"50,00"
943,Florenza UC-06,Social,Verao,8,Florenza,"50,00"
944,Florenza UC-07,Social,Verao,8,Florenza,"50,00"
945,Florenza UC-08,Social,Verao,8,Florenza,"50,00"
946,Florenza UC-09,Social,Verao,8,Florenza,"50,00"
947,Florenza UC-10,Social,Verao,8,Florenza,"50,00"
948,Florenza UC-11,Social,Verao,8,Florenza,"50,00"
949,Florenza UC-12,Social,Verao,8,Florenza,"50,00"
950,Florenza UC-13,Social,Verao,8,Florenza,"50,00"
951,Florenza UC-14,Social,Verao,8,Florenza,"50,00"
952,Florenza UC-15,Social,Verao,8,Florenza,"50,00"
953,Florenza UC-16,Social,Verao,8,Florenza,"50,00"
954,Florenza UC-17,Social,Verao,8,Florenza,"50,00"
955,Florenza UC-18,Social,Verao,8,Florenza,"50,00"
956,Florenza UC-19,Social,Verao,8,Florenza,"50,00"
957,Florenza UC-20,Social,Verao,8,Florenza,"50,00"
958,Florenza UC-21,Social,Verao,8,Florenza,"50,00"
959,Florenza UC-22,Social,Verao,8,Florenza,"50,00"
960,Florenza UC-23,Social,Verao,8,Florenza,"50,00"
961,Florenza UC-24,Social,Verao,8,Florenza,"50,00"
962,Florenza UC-25,Social,Verao,8,Florenza,"50,00"
963,Florenza UC-26,Social,Verao,8,Florenza,"50,00"
964,Florenza UC-27,Social,Verao,8,Florenza,"50,00"
965,Florenza UC-28,Social,Verao,8,Florenza,"50,00"
966,Florenza UC-29,Social,Verao,8,Florenza,"50,00"
967,Florenza UC-30,Social,Verao,8,Florenza,"50,00"
968,Florenza UC-31,Social,Verao,8,Florenza,"50,00"
969,Florenza UC-32,Social,Verao,8,Florenza,"50,00"
970,Florenza UC-33,Social,Verao,8,Florenza,"50,00"
971,Florenza UC-34,Social,Verao,8,Florenza,"50,00"
972,Florenza UC-35,Social,Verao,8,Florenza,"50,00"
973,Florenza UC-36,Social,Verao,8,Florenza,"50,00"
974,Florenza UC-37,Social,Verao,8,Florenza,"50,00"
975,Florenza UC-38,Social,Verao,8,Florenza,"50,00"
976,Florenza UC-39,Social,Verao,8,Florenza,"50,00"
977,Florenza UC-40,Social,Verao,8,Florenza,"50,00"
978,Florenza UC-41,Social,Verao,8,Florenza,"50,00"
979,Florenza UC-42,Social,Verao,8,Florenza,"50,00"
980,Florenza UC-43,Social,Verao,8,Florenza,"50,00"
981,Florenza UC-44,Social,Verao,8,Florenza,"50,00"
982,Florenza UC-45,Social,Verao,8,Florenza,"50,00"
983,Florenza UC-46,Social,Verao,8,Florenza,"50,00"
984,Florenza UC-47,Social,Verao,8,Florenza,"50,00"
985,Florenza UC-48,Social,Verao,8,Florenza,"50,00"
986,Florenza UC-49,Social,Verao,8,Florenza,"50,00"
987,Florenza UC-50,Social,Verao,8,Florenza,"50,00"
988,Florenza UC-51,Social,Verao,8,Florenza,"50,00"
989,Florenza UC-52,Social,Verao,8,Florenza,"50,00"
990,Florenza UC-53,Social,Verao,8,Florenza,"50,00"
991,Florenza UC-54,Social,Verao,8,Florenza,"50,00"
992,Florenza UC-55,Social,Verao,8,Florenza,"50,00"
993,Florenza UC-56,Social,Verao,8,Florenza,"50,00"
994,Florenza UC-57,Social,Verao,8,Florenza,"50,00"
995,Florenza UC-58,Social,Verao,8,Florenza,"50,00"
996,Florenza UC-59,Social,Verao,8,Florenza,"50,00"
997,Florenza UC-60,Social,Verao,8,Florenza,"50,00"
998,Florenza UC-61,Social,Verao,8,Florenza,"50,00"
999,Florenza UC-62,Social,Verao,8,Florenza,"50,00"
892,Florenza UE-01,Social,Outono,8,Florenza,"50,00"
893,Florenza UE-02,Social,Outono,8,Florenza,"50,00"
894,Florenza UE-03,Social,Outono,8,Florenza,"50,00"
895,Florenza UE-04,Social,Outono,8,Florenza,"50,00"
896,Florenza UE-05,Social,Outono,8,Florenza,"50,00"
897,Florenza UE-06,Social,Outono,8,Florenza,"50,00"
898,Florenza UE-07,Social,Outono,8,Florenza,"50,00"
899,Florenza UE-08,Social,Outono,8,Florenza,"50,00"
900,Florenza UE-09,Social,Outono,8,Florenza,"50,00"
901,Florenza UE-10,Social,Outono,8,Florenza,"50,00"
902,Florenza UE-11,Social,Outono,8,Florenza,"50,00"
903,Florenza UE-12,Social,Outono,8,Florenza,"50,00"
904,Florenza UE-13,Social,Outono,8,Florenza,"50,00"
905,Florenza UE-14,Social,Outono,8,Florenza,"50,00"
906,Florenza UE-15,Social,Outono,8,Florenza,"50,00"
907,Florenza UE-16,Social,Outono,8,Florenza,"50,00"
908,Florenza UE-17,Social,Outono,8,Florenza,"50,00"
909,Florenza UE-18,Social,Outono,8,Florenza,"50,00"
910,Florenza UE-19,Social,Outono,8,Florenza,"50,00"
911,Florenza UE-20,Social,Outono,8,Florenza,"50,00"
912,Florenza UE-21,Social,Outono,8,Florenza,"50,00"
913,Florenza UE-22,Social,Outono,8,Florenza,"50,00"
914,Florenza UE-23,Social,Outono,8,Florenza,"50,00"
915,Florenza UE-24,Social,Outono,8,Florenza,"50,00"
916,Florenza UE-25,Social,Outono,8,Florenza,"50,00"
917,Florenza UE-26,Social,Outono,8,Florenza,"50,00"
918,Florenza UE-27,Social,Outono,8,Florenza,"50,00"
919,Florenza UE-28,Social,Outono,8,Florenza,"50,00"
920,Florenza UE-29,Social,Outono,8,Florenza,"50,00"
921,Florenza UE-30,Social,Outono,8,Florenza,"50,00"
922,Florenza UE-31,Social,Outono,8,Florenza,"50,00"
923,Florenza UE-32,Social,Outono,8,Florenza,"50,00"
924,Florenza UE-33,Social,Outono,8,Florenza,"50,00"
925,Florenza UE-34,Social,Outono,8,Florenza,"50,00"
926,Florenza UE-35,Social,Outono,8,Florenza,"50,00"
927,Florenza UE-36,Social,Outono,8,Florenza,"50,00"
928,Florenza UE-37,Social,Outono,8,Florenza,"50,00"
929,Florenza UE-38,Social,Outono,8,Florenza,"50,00"
930,Florenza UE-39,Social,Outono,8,Florenza,"50,00"
931,Florenza UE-40,Social,Outono,8,Florenza,"50,00"
932,Florenza UE-41,Social,Outono,8,Florenza,"50,00"
933,Florenza UE-42,Social,Outono,8,Florenza,"50,00"
934,Florenza UE-43,Social,Outono,8,Florenza,"50,00"
935,Florenza UE-44,Social,Outono,8,Florenza,"50,00"
936,Florenza UE-45,Social,Outono,8,Florenza,"50,00"
937,Florenza UE-46,Social,Outono,8,Florenza,"50,00"
817,Florenza UM-01,Social,Inverno,8,Florenza,"50,00"
818,Florenza UM-02,Social,Inverno,8,Florenza,"50,00"
819,Florenza UM-03,Social,Inverno,8,Florenza,"50,00"
820,Florenza UM-04,Social,Inverno,8,Florenza,"50,00"
821,Florenza UM-05,Social,Inverno,8,Florenza,"50,00"
822,Florenza UM-06,Social,Inverno,8,Florenza,"50,00"
823,Florenza UM-07,Social,Inverno,8,Florenza,"50,00"
824,Florenza UM-08,Social,Inverno,8,Florenza,"50,00"
825,Florenza UM-09,Social,Inverno,8,Florenza,"50,00"
826,Florenza UM-10,Social,Inverno,8,Florenza,"50,00"
827,Florenza UM-11,Social,Inverno,8,Florenza,"50,00"
828,Florenza UM-12,Social,Inverno,8,Florenza,"50,00"
829,Florenza UM-13,Social,Inverno,8,Florenza,"50,00"
830,Florenza UM-14,Social,Inverno,8,Florenza,"50,00"
831,Florenza UM-15,Social,Inverno,8,Florenza,"50,00"
832,Florenza UM-16,Social,Inverno,8,Florenza,"50,00"
833,Florenza UM-17,Social,Inverno,8,Florenza,"50,00"
834,Florenza UM-18,Social,Inverno,8,Florenza,"50,00"
835,Florenza UM-19,Social,Inverno,8,Florenza,"50,00"
836,Florenza UM-20,Social,Inverno,8,Florenza,"50,00"
837,Florenza UM-21,Social,Inverno,8,Florenza,"50,00"
838,Florenza UM-22,Social,Inverno,8,Florenza,"50,00"
839,Florenza UM-23,Social,Inverno,8,Florenza,"50,00"
840,Florenza UM-24,Social,Inverno,8,Florenza,"50,00"
841,Florenza UM-25,Social,Inverno,8,Florenza,"50,00"
842,Florenza UM-26,Social,Inverno,8,Florenza,"50,00"
843,Florenza UM-27,Social,Inverno,8,Florenza,"50,00"
844,Florenza UM-28,Social,Inverno,8,Florenza,"50,00"
845,Florenza UM-29,Social,Inverno,8,Florenza,"50,00"
846,Florenza UM-30,Social,Inverno,8,Florenza,"50,00"
847,Florenza UM-31,Social,Inverno,8,Florenza,"50,00"
848,Florenza UM-32,Social,Inverno,8,Florenza,"50,00"
849,Florenza UM-33,Social,Inverno,8,Florenza,"50,00"
850,Florenza UM-34,Social,Inverno,8,Florenza,"50,00"
851,Florenza UM-35,Social,Inverno,8,Florenza,"50,00"
852,Florenza UM-36,Social,Inverno,8,Florenza,"50,00"
853,Florenza UM-37,Social,Inverno,8,Florenza,"50,00"
854,Florenza UM-38,Social,Inverno,8,Florenza,"50,00"
855,Florenza UR-01,Social,Primavera,8,Florenza,"50,00"
856,Florenza UR-02,Social,Primavera,8,Florenza,"50,00"
857,Florenza UR-03,Social,Primavera,8,Florenza,"50,00"
858,Florenza UR-04,Social,Primavera,8,Florenza,"50,00"
859,Florenza UR-05,Social,Primavera,8,Florenza,"50,00"
860,Florenza UR-06,Social,Primavera,8,Florenza,"50,00"
861,Florenza UR-07,Social,Primavera,8,Florenza,"50,00"
862,Florenza UR-08,Social,Primavera,8,Florenza,"50,00"
863,Florenza UR-09,Social,Primavera,8,Florenza,"50,00"
864,Florenza UR-10,Social,Primavera,8,Florenza,"50,00"
865,Florenza UR-11,Social,Primavera,8,Florenza,"50,00"
866,Florenza UR-12,Social,Primavera,8,Florenza,"50,00"
867,Florenza UR-13,Social,Primavera,8,Florenza,"50,00"
868,Florenza UR-14,Social,Primavera,8,Florenza,"50,00"
869,Florenza UR-15,Social,Primavera,8,Florenza,"50,00"
870,Florenza UR-16,Social,Primavera,8,Florenza,"50,00"
871,Florenza UR-17,Social,Primavera,8,Florenza,"50,00"
872,Florenza UR-18,Social,Primavera,8,Florenza,"50,00"
873,Florenza UR-19,Social,Primavera,8,Florenza,"50,00"
874,Florenza UR-20,Social,Primavera,8,Florenza,"50,00"
875,Florenza UR-21,Social,Primavera,8,Florenza,"50,00"
876,Florenza UR-22,Social,Primavera,8,Florenza,"50,00"
877,Florenza UR-23,Social,Primavera,8,Florenza,"50,00"
878,Florenza UR-24,Social,Primavera,8,Florenza,"50,00"
879,Florenza UR-25,Social,Primavera,8,Florenza,"50,00"
880,Florenza UR-26,Social,Primavera,8,Florenza,"50,00"
881,Florenza UR-27,Social,Primavera,8,Florenza,"50,00"
882,Florenza UR-28,Social,Primavera,8,Florenza,"50,00"
883,Florenza UR-29,Social,Primavera,8,Florenza,"50,00"
884,Florenza UR-30,Social,Primavera,8,Florenza,"50,00"
885,Florenza UR-31,Social,Primavera,8,Florenza,"50,00"
886,Florenza UR-32,Social,Primavera,8,Florenza,"50,00"
887,Florenza UR-33,Social,Primavera,8,Florenza,"50,00"
888,Florenza UR-34,Social,Primavera,8,Florenza,"50,00"
889,Florenza UR-35,Social,Primavera,8,Florenza,"50,00"
890,Florenza UR-36,Social,Primavera,8,Florenza,"50,00"
891,Florenza UR-37,Social,Primavera,8,Florenza,"50,00"
635,Maximus UC-00,Social,Verao,7,FashionStore,"50,00"
536,Maximus UC-01,Social,Verao,7,FashionStore,"50,00"
636,Maximus UC-01,Social,Verao,7,FashionStore,"50,00"
537,Maximus UC-02,Social,Verao,7,FashionStore,"50,00"
637,Maximus UC-02,Social,Verao,7,FashionStore,"50,00"
538,Maximus UC-03,Social,Verao,7,FashionStore,"50,00"
638,Maximus UC-03,Social,Verao,7,FashionStore,"50,00"
539,Maximus UC-04,Social,Verao,7,FashionStore,"50,00"
639,Maximus UC-04,Social,Verao,7,FashionStore,"50,00"
540,Maximus UC-05,Social,Verao,7,FashionStore,"50,00"
640,Maximus UC-05,Social,Verao,7,FashionStore,"50,00"
541,Maximus UC-06,Social,Verao,7,FashionStore,"50,00"
641,Maximus UC-06,Social,Verao,7,FashionStore,"50,00"
542,Maximus UC-07,Social,Verao,7,FashionStore,"50,00"
642,Maximus UC-07,Social,Verao,7,FashionStore,"50,00"
543,Maximus UC-08,Social,Verao,7,FashionStore,"50,00"
643,Maximus UC-08,Social,Verao,7,FashionStore,"50,00"
544,Maximus UC-09,Social,Verao,7,FashionStore,"50,00"
644,Maximus UC-09,Social,Verao,7,FashionStore,"50,00"
545,Maximus UC-10,Social,Verao,7,FashionStore,"50,00"
645,Maximus UC-10,Social,Verao,7,FashionStore,"50,00"
546,Maximus UC-11,Social,Verao,7,FashionStore,"50,00"
646,Maximus UC-11,Social,Verao,7,FashionStore,"50,00"
547,Maximus UC-12,Social,Verao,7,FashionStore,"50,00"
647,Maximus UC-12,Social,Verao,7,FashionStore,"50,00"
548,Maximus UC-13,Social,Verao,7,FashionStore,"50,00"
648,Maximus UC-13,Social,Verao,7,FashionStore,"50,00"
549,Maximus UC-14,Social,Verao,7,FashionStore,"50,00"
649,Maximus UC-14,Social,Verao,7,FashionStore,"50,00"
550,Maximus UC-15,Social,Verao,7,FashionStore,"50,00"
650,Maximus UC-15,Social,Verao,7,FashionStore,"50,00"
551,Maximus UC-16,Social,Verao,7,FashionStore,"50,00"
651,Maximus UC-16,Social,Verao,7,FashionStore,"50,00"
552,Maximus UC-17,Social,Verao,7,FashionStore,"50,00"
652,Maximus UC-17,Social,Verao,7,FashionStore,"50,00"
553,Maximus UC-18,Social,Verao,7,FashionStore,"50,00"
653,Maximus UC-18,Social,Verao,7,FashionStore,"50,00"
554,Maximus UC-19,Social,Verao,7,FashionStore,"50,00"
654,Maximus UC-19,Social,Verao,7,FashionStore,"50,00"
555,Maximus UC-20,Social,Verao,7,FashionStore,"50,00"
655,Maximus UC-20,Social,Verao,7,FashionStore,"50,00"
556,Maximus UC-21,Social,Verao,7,FashionStore,"50,00"
656,Maximus UC-21,Social,Verao,7,FashionStore,"50,00"
557,Maximus UC-22,Social,Verao,7,FashionStore,"50,00"
657,Maximus UC-22,Social,Verao,7,FashionStore,"50,00"
558,Maximus UC-23,Social,Verao,7,FashionStore,"50,00"
658,Maximus UC-23,Social,Verao,7,FashionStore,"50,00"
559,Maximus UC-24,Social,Verao,7,FashionStore,"50,00"
659,Maximus UC-24,Social,Verao,7,FashionStore,"50,00"
560,Maximus UC-25,Social,Verao,7,FashionStore,"50,00"
660,Maximus UC-25,Social,Verao,7,FashionStore,"50,00"
561,Maximus UC-26,Social,Verao,7,FashionStore,"50,00"
661,Maximus UC-26,Social,Verao,7,FashionStore,"50,00"
562,Maximus UC-27,Social,Verao,7,FashionStore,"50,00"
662,Maximus UC-27,Social,Verao,7,FashionStore,"50,00"
563,Maximus UC-28,Social,Verao,7,FashionStore,"50,00"
663,Maximus UC-28,Social,Verao,7,FashionStore,"50,00"
564,Maximus UC-29,Social,Verao,7,FashionStore,"50,00"
664,Maximus UC-29,Social,Verao,7,FashionStore,"50,00"
565,Maximus UC-30,Social,Verao,7,FashionStore,"50,00"
665,Maximus UC-30,Social,Verao,7,FashionStore,"50,00"
566,Maximus UC-31,Social,Verao,7,FashionStore,"50,00"
666,Maximus UC-31,Social,Verao,7,FashionStore,"50,00"
567,Maximus UC-32,Social,Verao,7,FashionStore,"50,00"
667,Maximus UC-32,Social,Verao,7,FashionStore,"50,00"
568,Maximus UC-33,Social,Verao,7,FashionStore,"50,00"
668,Maximus UC-33,Social,Verao,7,FashionStore,"50,00"
569,Maximus UC-34,Social,Verao,7,FashionStore,"50,00"
669,Maximus UC-34,Social,Verao,7,FashionStore,"50,00"
570,Maximus UC-35,Social,Verao,7,FashionStore,"50,00"
670,Maximus UC-35,Social,Verao,7,FashionStore,"50,00"
571,Maximus UC-36,Social,Verao,7,FashionStore,"50,00"
671,Maximus UC-36,Social,Verao,7,FashionStore,"50,00"
572,Maximus UC-37,Social,Verao,7,FashionStore,"50,00"
672,Maximus UC-37,Social,Verao,7,FashionStore,"50,00"
573,Maximus UC-38,Social,Verao,7,FashionStore,"50,00"
673,Maximus UC-38,Social,Verao,7,FashionStore,"50,00"
574,Maximus UC-39,Social,Verao,7,FashionStore,"50,00"
674,Maximus UC-39,Social,Verao,7,FashionStore,"50,00"
575,Maximus UC-40,Social,Verao,7,FashionStore,"50,00"
675,Maximus UC-40,Social,Verao,7,FashionStore,"50,00"
576,Maximus UC-41,Social,Verao,7,FashionStore,"50,00"
676,Maximus UC-41,Social,Verao,7,FashionStore,"50,00"
577,Maximus UC-42,Social,Verao,7,FashionStore,"50,00"
677,Maximus UC-42,Social,Verao,7,FashionStore,"50,00"
578,Maximus UC-43,Social,Verao,7,FashionStore,"50,00"
678,Maximus UC-43,Social,Verao,7,FashionStore,"50,00"
579,Maximus UC-44,Social,Verao,7,FashionStore,"50,00"
679,Maximus UC-44,Social,Verao,7,FashionStore,"50,00"
580,Maximus UC-45,Social,Verao,7,FashionStore,"50,00"
680,Maximus UC-45,Social,Verao,7,FashionStore,"50,00"
581,Maximus UC-46,Social,Verao,7,FashionStore,"50,00"
681,Maximus UC-46,Social,Verao,7,FashionStore,"50,00"
582,Maximus UC-47,Social,Verao,7,FashionStore,"50,00"
682,Maximus UC-47,Social,Verao,7,FashionStore,"50,00"
583,Maximus UC-48,Social,Verao,7,FashionStore,"50,00"
683,Maximus UC-48,Social,Verao,7,FashionStore,"50,00"
584,Maximus UC-49,Social,Verao,7,FashionStore,"50,00"
684,Maximus UC-49,Social,Verao,7,FashionStore,"50,00"
585,Maximus UC-50,Social,Verao,7,FashionStore,"50,00"
685,Maximus UC-50,Social,Verao,7,FashionStore,"50,00"
586,Maximus UC-51,Social,Verao,7,FashionStore,"50,00"
686,Maximus UC-51,Social,Verao,7,FashionStore,"50,00"
587,Maximus UC-52,Social,Verao,7,FashionStore,"50,00"
687,Maximus UC-52,Social,Verao,7,FashionStore,"50,00"
588,Maximus UC-53,Social,Verao,7,FashionStore,"50,00"
688,Maximus UC-53,Social,Verao,7,FashionStore,"50,00"
589,Maximus UC-54,Social,Verao,7,FashionStore,"50,00"
689,Maximus UC-54,Social,Verao,7,FashionStore,"50,00"
590,Maximus UC-55,Social,Verao,7,FashionStore,"50,00"
690,Maximus UC-55,Social,Verao,7,FashionStore,"50,00"
591,Maximus UC-56,Social,Verao,7,FashionStore,"50,00"
691,Maximus UC-56,Social,Verao,7,FashionStore,"50,00"
592,Maximus UC-57,Social,Verao,7,FashionStore,"50,00"
692,Maximus UC-57,Social,Verao,7,FashionStore,"50,00"
593,Maximus UC-58,Social,Verao,7,FashionStore,"50,00"
693,Maximus UC-58,Social,Verao,7,FashionStore,"50,00"
594,Maximus UC-59,Social,Verao,7,FashionStore,"50,00"
595,Maximus UC-60,Social,Verao,7,FashionStore,"50,00"
596,Maximus UC-61,Social,Verao,7,FashionStore,"50,00"
597,Maximus UC-62,Social,Verao,7,FashionStore,"50,00"
598,Maximus UC-63,Social,Verao,7,FashionStore,"50,00"
599,Maximus UC-64,Social,Verao,7,FashionStore,"50,00"
600,Maximus UC-65,Social,Verao,7,FashionStore,"50,00"
601,Maximus UC-66,Social,Verao,7,FashionStore,"50,00"
602,Maximus UC-67,Social,Verao,7,FashionStore,"50,00"
603,Maximus UC-68,Social,Verao,7,FashionStore,"50,00"
604,Maximus UC-69,Social,Verao,7,FashionStore,"50,00"
605,Maximus UC-70,Social,Verao,7,FashionStore,"50,00"
606,Maximus UC-71,Social,Verao,7,FashionStore,"50,00"
607,Maximus UC-72,Social,Verao,7,FashionStore,"50,00"
608,Maximus UC-73,Social,Verao,7,FashionStore,"50,00"
609,Maximus UC-74,Social,Verao,7,FashionStore,"50,00"
610,Maximus UC-75,Social,Verao,7,FashionStore,"50,00"
611,Maximus UC-76,Social,Verao,7,FashionStore,"50,00"
612,Maximus UC-77,Social,Verao,7,FashionStore,"50,00"
613,Maximus UC-78,Social,Verao,7,FashionStore,"50,00"
614,Maximus UC-79,Social,Verao,7,FashionStore,"50,00"
615,Maximus UC-80,Social,Verao,7,FashionStore,"50,00"
616,Maximus UC-81,Social,Verao,7,FashionStore,"50,00"
617,Maximus UC-82,Social,Verao,7,FashionStore,"50,00"
618,Maximus UC-83,Social,Verao,7,FashionStore,"50,00"
619,Maximus UC-84,Social,Verao,7,FashionStore,"50,00"
620,Maximus UC-85,Social,Verao,7,FashionStore,"50,00"
621,Maximus UC-86,Social,Verao,7,FashionStore,"50,00"
622,Maximus UC-87,Social,Verao,7,FashionStore,"50,00"
623,Maximus UC-88,Social,Verao,7,FashionStore,"50,00"
624,Maximus UC-89,Social,Verao,7,FashionStore,"50,00"
625,Maximus UC-90,Social,Verao,7,FashionStore,"50,00"
626,Maximus UC-91,Social,Verao,7,FashionStore,"50,00"
627,Maximus UC-92,Social,Verao,7,FashionStore,"50,00"
628,Maximus UC-93,Social,Verao,7,FashionStore,"50,00"
629,Maximus UC-94,Social,Verao,7,FashionStore,"50,00"
630,Maximus UC-95,Social,Verao,7,FashionStore,"50,00"
631,Maximus UC-96,Social,Verao,7,FashionStore,"50,00"
632,Maximus UC-97,Social,Verao,7,FashionStore,"50,00"
633,Maximus UC-98,Social,Verao,7,FashionStore,"50,00"
634,Maximus UC-99,Social,Verao,7,FashionStore,"50,00"
513,Maximus UE-01,Social,Outono,7,FashionStore,"50,00"
514,Maximus UE-02,Social,Outono,7,FashionStore,"50,00"
515,Maximus UE-03,Social,Outono,7,FashionStore,"50,00"
516,Maximus UE-04,Social,Outono,7,FashionStore,"50,00"
517,Maximus UE-05,Social,Outono,7,FashionStore,"50,00"
518,Maximus UE-06,Social,Outono,7,FashionStore,"50,00"
519,Maximus UE-07,Social,Outono,7,FashionStore,"50,00"
520,Maximus UE-08,Social,Outono,7,FashionStore,"50,00"
521,Maximus UE-09,Social,Outono,7,FashionStore,"50,00"
522,Maximus UE-10,Social,Outono,7,FashionStore,"50,00"
523,Maximus UE-11,Social,Outono,7,FashionStore,"50,00"
524,Maximus UE-12,Social,Outono,7,FashionStore,"50,00"
525,Maximus UE-13,Social,Outono,7,FashionStore,"50,00"
526,Maximus UE-14,Social,Outono,7,FashionStore,"50,00"
527,Maximus UE-15,Social,Outono,7,FashionStore,"50,00"
528,Maximus UE-16,Social,Outono,7,FashionStore,"50,00"
529,Maximus UE-17,Social,Outono,7,FashionStore,"50,00"
530,Maximus UE-18,Social,Outono,7,FashionStore,"50,00"
531,Maximus UE-19,Social,Outono,7,FashionStore,"50,00"
532,Maximus UE-20,Social,Outono,7,FashionStore,"50,00"
533,Maximus UE-21,Social,Outono,7,FashionStore,"50,00"
534,Maximus UE-22,Social,Outono,7,FashionStore,"50,00"
535,Maximus UE-23,Social,Outono,7,FashionStore,"50,00"
495,Maximus UM-00,Social,Inverno,7,FashionStore,"50,00"
396,Maximus UM-01,Social,Inverno,7,FashionStore,"50,00"
496,Maximus UM-01,Social,Inverno,7,FashionStore,"50,00"
397,Maximus UM-02,Social,Inverno,7,FashionStore,"50,00"
497,Maximus UM-02,Social,Inverno,7,FashionStore,"50,00"
398,Maximus UM-03,Social,Inverno,7,FashionStore,"50,00"
498,Maximus UM-03,Social,Inverno,7,FashionStore,"50,00"
399,Maximus UM-04,Social,Inverno,7,FashionStore,"50,00"
499,Maximus UM-04,Social,Inverno,7,FashionStore,"50,00"
400,Maximus UM-05,Social,Inverno,7,FashionStore,"50,00"
500,Maximus UM-05,Social,Inverno,7,FashionStore,"50,00"
401,Maximus UM-06,Social,Inverno,7,FashionStore,"50,00"
501,Maximus UM-06,Social,Inverno,7,FashionStore,"50,00"
402,Maximus UM-07,Social,Inverno,7,FashionStore,"50,00"
502,Maximus UM-07,Social,Inverno,7,FashionStore,"50,00"
403,Maximus UM-08,Social,Inverno,7,FashionStore,"50,00"
503,Maximus UM-08,Social,Inverno,7,FashionStore,"50,00"
404,Maximus UM-09,Social,Inverno,7,FashionStore,"50,00"
504,Maximus UM-09,Social,Inverno,7,FashionStore,"50,00"
405,Maximus UM-10,Social,Inverno,7,FashionStore,"50,00"
505,Maximus UM-10,Social,Inverno,7,FashionStore,"50,00"
406,Maximus UM-11,Social,Inverno,7,FashionStore,"50,00"
506,Maximus UM-11,Social,Inverno,7,FashionStore,"50,00"
407,Maximus UM-12,Social,Inverno,7,FashionStore,"50,00"
507,Maximus UM-12,Social,Inverno,7,FashionStore,"50,00"
408,Maximus UM-13,Social,Inverno,7,FashionStore,"50,00"
508,Maximus UM-13,Social,Inverno,7,FashionStore,"50,00"
409,Maximus UM-14,Social,Inverno,7,FashionStore,"50,00"
509,Maximus UM-14,Social,Inverno,7,FashionStore,"50,00"
410,Maximus UM-15,Social,Inverno,7,FashionStore,"50,00"
510,Maximus UM-15,Social,Inverno,7,FashionStore,"50,00"
411,Maximus UM-16,Social,Inverno,7,FashionStore,"50,00"
511,Maximus UM-16,Social,Inverno,7,FashionStore,"50,00"
412,Maximus UM-17,Social,Inverno,7,FashionStore,"50,00"
413,Maximus UM-18,Social,Inverno,7,FashionStore,"50,00"
414,Maximus UM-19,Social,Inverno,7,FashionStore,"50,00"
415,Maximus UM-20,Social,Inverno,7,FashionStore,"50,00"
416,Maximus UM-21,Social,Inverno,7,FashionStore,"50,00"
417,Maximus UM-22,Social,Inverno,7,FashionStore,"50,00"
418,Maximus UM-23,Social,Inverno,7,FashionStore,"50,00"
419,Maximus UM-24,Social,Inverno,7,FashionStore,"50,00"
420,Maximus UM-25,Social,Inverno,7,FashionStore,"50,00"
421,Maximus UM-26,Social,Inverno,7,FashionStore,"50,00"
422,Maximus UM-27,Social,Inverno,7,FashionStore,"50,00"
423,Maximus UM-28,Social,Inverno,7,FashionStore,"50,00"
424,Maximus UM-29,Social,Inverno,7,FashionStore,"50,00"
425,Maximus UM-30,Social,Inverno,7,FashionStore,"50,00"
426,Maximus UM-31,Social,Inverno,7,FashionStore,"50,00"
427,Maximus UM-32,Social,Inverno,7,FashionStore,"50,00"
428,Maximus UM-33,Social,Inverno,7,FashionStore,"50,00"
429,Maximus UM-34,Social,Inverno,7,FashionStore,"50,00"
430,Maximus UM-35,Social,Inverno,7,FashionStore,"50,00"
431,Maximus UM-36,Social,Inverno,7,FashionStore,"50,00"
432,Maximus UM-37,Social,Inverno,7,FashionStore,"50,00"
433,Maximus UM-38,Social,Inverno,7,FashionStore,"50,00"
434,Maximus UM-39,Social,Inverno,7,FashionStore,"50,00"
435,Maximus UM-40,Social,Inverno,7,FashionStore,"50,00"
436,Maximus UM-41,Social,Inverno,7,FashionStore,"50,00"
437,Maximus UM-42,Social,Inverno,7,FashionStore,"50,00"
438,Maximus UM-43,Social,Inverno,7,FashionStore,"50,00"
439,Maximus UM-44,Social,Inverno,7,FashionStore,"50,00"
440,Maximus UM-45,Social,Inverno,7,FashionStore,"50,00"
441,Maximus UM-46,Social,Inverno,7,FashionStore,"50,00"
442,Maximus UM-47,Social,Inverno,7,FashionStore,"50,00"
443,Maximus UM-48,Social,Inverno,7,FashionStore,"50,00"
444,Maximus UM-49,Social,Inverno,7,FashionStore,"50,00"
445,Maximus UM-50,Social,Inverno,7,FashionStore,"50,00"
446,Maximus UM-51,Social,Inverno,7,FashionStore,"50,00"
447,Maximus UM-52,Social,Inverno,7,FashionStore,"50,00"
448,Maximus UM-53,Social,Inverno,7,FashionStore,"50,00"
449,Maximus UM-54,Social,Inverno,7,FashionStore,"50,00"
450,Maximus UM-55,Social,Inverno,7,FashionStore,"50,00"
451,Maximus UM-56,Social,Inverno,7,FashionStore,"50,00"
452,Maximus UM-57,Social,Inverno,7,FashionStore,"50,00"
453,Maximus UM-58,Social,Inverno,7,FashionStore,"50,00"
454,Maximus UM-59,Social,Inverno,7,FashionStore,"50,00"
455,Maximus UM-60,Social,Inverno,7,FashionStore,"50,00"
456,Maximus UM-61,Social,Inverno,7,FashionStore,"50,00"
457,Maximus UM-62,Social,Inverno,7,FashionStore,"50,00"
458,Maximus UM-63,Social,Inverno,7,FashionStore,"50,00"
459,Maximus UM-64,Social,Inverno,7,FashionStore,"50,00"
460,Maximus UM-65,Social,Inverno,7,FashionStore,"50,00"
461,Maximus UM-66,Social,Inverno,7,FashionStore,"50,00"
462,Maximus UM-67,Social,Inverno,7,FashionStore,"50,00"
463,Maximus UM-68,Social,Inverno,7,FashionStore,"50,00"
464,Maximus UM-69,Social,Inverno,7,FashionStore,"50,00"
465,Maximus UM-70,Social,Inverno,7,FashionStore,"50,00"
466,Maximus UM-71,Social,Inverno,7,FashionStore,"50,00"
467,Maximus UM-72,Social,Inverno,7,FashionStore,"50,00"
468,Maximus UM-73,Social,Inverno,7,FashionStore,"50,00"
469,Maximus UM-74,Social,Inverno,7,FashionStore,"50,00"
470,Maximus UM-75,Social,Inverno,7,FashionStore,"50,00"
471,Maximus UM-76,Social,Inverno,7,FashionStore,"50,00"
472,Maximus UM-77,Social,Inverno,7,FashionStore,"50,00"
473,Maximus UM-78,Social,Inverno,7,FashionStore,"50,00"
474,Maximus UM-79,Social,Inverno,7,FashionStore,"50,00"
475,Maximus UM-80,Social,Inverno,7,FashionStore,"50,00"
476,Maximus UM-81,Social,Inverno,7,FashionStore,"50,00"
477,Maximus UM-82,Social,Inverno,7,FashionStore,"50,00"
478,Maximus UM-83,Social,Inverno,7,FashionStore,"50,00"
479,Maximus UM-84,Social,Inverno,7,FashionStore,"50,00"
480,Maximus UM-85,Social,Inverno,7,FashionStore,"50,00"
481,Maximus UM-86,Social,Inverno,7,FashionStore,"50,00"
482,Maximus UM-87,Social,Inverno,7,FashionStore,"50,00"
483,Maximus UM-88,Social,Inverno,7,FashionStore,"50,00"
484,Maximus UM-89,Social,Inverno,7,FashionStore,"50,00"
485,Maximus UM-90,Social,Inverno,7,FashionStore,"50,00"
486,Maximus UM-91,Social,Inverno,7,FashionStore,"50,00"
487,Maximus UM-92,Social,Inverno,7,FashionStore,"50,00"
488,Maximus UM-93,Social,Inverno,7,FashionStore,"50,00"
489,Maximus UM-94,Social,Inverno,7,FashionStore,"50,00"
490,Maximus UM-95,Social,Inverno,7,FashionStore,"50,00"
491,Maximus UM-96,Social,Inverno,7,FashionStore,"50,00"
492,Maximus UM-97,Social,Inverno,7,FashionStore,"50,00"
493,Maximus UM-98,Social,Inverno,7,FashionStore,"50,00"
494,Maximus UM-99,Social,Inverno,7,FashionStore,"50,00"
512,Maximus UR-01,Social,Primavera,7,FashionStore,"50,00"
